1-1	ミ'ギオ/イ'ッコ/オ_シテ'/ウゴカ'ス
1-2	ミ'ギオ/ニコ'/ナラベヨオ'
1-3	_シタニ'/イッテカラ'/ミ'ギ
1-4	_シタオ'/サ'ンコ
1-5	ミギ'ミギ、ソレカラ'/_シタ'
1-6	ミギ_シタミ'ギ_シタ
1-7	ミ'ギト/ウエオ'/コ'オゴニ
1-8	マッス'グワ/ウ'ミ、_シタ'カラ/グル'ット
2-1	イワ'ノ/_シタオ'/ト'オロオ
2-2	ミ'チノ/トオリ'ニ/ススモオ'
2-3	ウ'エノ/ミ'チオ/マッス'グ
2-4	ハ'_シカラ/オチ'ナイ/ヨ'オニ/イッコズ'ツ
2-5	ハナノ'/ミ'チオ/ト'オッテ/ミ'ギエ
2-6	ウエカラデモ'/_シタ'カラデモ/イケルヨ'
2-7	オクマ'デ/イッテカラ'/ヒダリニ'/モド'ルヨ
2-8	ウ'ミノ/マワリオ'/グル'ット/マワロオ'
3-1	ミ'ギオ/ロッ'コデモ/クリ'ア/デキ'ルヨ、クリカエシオ'/_ツカウト'？
3-2	ミギ_シタオ'/ナンカイ'/クリカ'エス？
3-3	サ'ッ_キト/オナジ'/カタチ'、カイスウダケ'/カ'エテ/ミ'ヨオ
3-4	クリカエシオ'/_フタ_ツ'/ツカッテモ'/イ'イ/ン'ダヨ
3-5	_ヒト'ツ/ノダ'/ン'ワ/ミギミ'ギ_シタ
3-6	ナガ'イ/ロオカノ'/ア'トニ、_ヒトツダケ'/オマケ'
3-7	カイダンノ'/ア'ト、モ'オ/イ'ッポ/_シタ'エ
3-8	タ'_キ/ハ_シタ'/_シタ'/ミ'ギ、サ'イゴニ/ミ'ギエ/イ'ッポ
4-1	タカラ'バコワ/_フタツ'、トオリ'ミチデ/ヒロオオ'
4-2	クリカエシノ'/トチュウデ'モ、タカラ'バコワ/ヒラ'クヨ
4-3	ヒダリガ'/サキ'？、ミ'ギガ/サキ'？、_スキナ'/ホ'オデ/イ'イヨ
4-4	グル'ット/マワッテ'/_フタ_ツト'モ/アツメ'ヨオ
4-5	カイダンノ'/ア'ト、_フタツ'/オリ'ルヨ
4-6	ブロ'ックガ/タリナイ'？、クリカエシノ'/デバ'ンダ
4-7	ミ'ッツノ/ナガ'イ/ミ'_チト、サ'イゴノ/イ'ッポ
4-8	イチ'バン/ナガ'イ/タビ'、クリカエシデ'/ミジカ'クデキルカナ
5-1	ハナノ'/マスデダケ'/_シタニモ'/グレ'ルヨ、ハ'テナノ/ア'トニ/ブロ'ックオ/イレテネ'
5-2	クリカエシノ'/ナ'カニ/ハテナオ'/イレルト'、ハナノ'/トキダケモ'/グ'ルオ/クリカエセ'ル
5-3	コ'ンドワ/ハナデ'/ウエニ'/ノビ'ル
5-4	_シタニ'/ススンデ'、ハナデ'/ヨコニ'/モグ'ル
5-5	ヨ'/コノ'/ハナオ'/ハ'テナト/クリカエシデ'/ゼ'ンブ
5-6	ハナガ'/トビトビ'、ハナジャナイ'/マスワ'/ソノ'/ママ'/ススムヨ'
5-7	ウ'エノ/ハナガ'/トビトビ'、ハ'テナナラ/ミジカ'クマワレル
5-8	ハナオ'/ゼ'ンブ/マワロオ'、ハ'テナト/クリカエシデ'/ミジカ'ク
6-1	クリカエシノ'/ナ'カニ/クリカエシオ'/イレラレルヨ'、レベル'ロ_クカラ、ミ'ギ/サン'カイ、_シタオ'/クリカ'エス
6-2	コ'ンドワ/タテ'、ミ'ギ、_シタ'/サン'カイオ/クリカ'エス
6-3	ダ'ンガ/フエ'タヨ、カイスウオ'/フヤ'ソオ
6-4	ミ'ギ/ヨン'カイ、_シタオ'/クリカ'エス
6-5	ミ'ギ/サン'カイ、_シタ'/ニ'カイノ/カタマリオ'/クリカ'エス
6-6	ミ'ギ、_シタ'/ヨン'カイオ/クリカ'エス
6-7	オ'オキナ/ミ'ギ/ヨン'カイ、_シタ'/ニ'カイオ/クリカ'エス
6-8	イチバン'/オ'オキナ/カイダン'、クリカエシノ'/ナ'カノ/クリカエシデ'/ミジカ'ク
7-1	キ'ンノ/ワザ'ニ/ミ'ギ、_シタ'、_シタ'、ウエ'、ウエオ'/イレテ'、キ'ンノ/ワザ'オ/サン'カイ/_ツカオオ'
7-2	ワザ'ノ/ナ'カニ/ハテナオ'/イレテ'/ミ'ヨオ、ススンデ'、ハナダッタ'ラ/モグ'ル
7-3	ハナノ'/バショガ'/カワッテモ'、オナジ'/ワザ'デ/ダイジョ'オブ
7-4	コ'ンドワ/ウエニ'/ノボル'/ワザ'
7-5	ヨコニ'/ホ'ル/ワザ'モ/_ツクレ'ルヨ
7-6	_フカ'イ/ア'ナワ、ワザ'ノ/ナ'カデ/クリカエシオ'/_ツカウト'/ミジカ'イ
7-7	トビトビデ'モ/オナジ'/ワザ'デ/トレ'ルヨ
7-8	タカラガ'/ヨッツ'、ワザ'ナラ/ヘッチャラ'
8-1	アサイ'/ア'ナワ/キ'ンノ/ワザ'、_フカ'イ/ア'ナワ/ギ'ンノ/ワザ'、_フタツノ'/ワザ'オ/_ツク'ロオ
8-2	_フカ'イ、アサイノ'/ジュンバンニ'/キ'オ/_ツケ'テ
8-3	ヨコアナニモ'/アサイ'、_フカイガ'/ア'ルヨ
8-4	タカ'イ/ヤマト'/_ヒク'イ/ヤマ'
8-5	ウエワ'/キ'ンノ/ワザ'、_シタ'ワ/ギ'ンノ/ワザ'
8-6	タカライツ'ツ、キ'ンノ/ワ'ザト/ギ'ンノ/ワザ'ノ/コオタイ'
8-7	_フカ'イ/ア'ナガ/サキノ'/バ'ン
8-8	イ'ママデノ/ゼ'ンブオ/_ツカッタ'/ソツギョオセイ'/サク'、ガンバ'レ
harappa-1	ジユ'ウニ/タメ'_シテ/アソボオ'
harappa-2	ハナノ'/マスデ'/モグ'ッテ/ミ'ヨオ
harappa-3	オナジ'/ウゴキワ'/キ'ンノ/ワザ'ニ/マトメルト'/ラク'ダヨ
